SÕNAVORM,SAGEDUS
on,20
ja,14
et,11
ei,10
ning,7
Eesti,7
valeuudiste,6
see,6
selle,5
ta,5
Roonemaa,5
oma,5
Tartu,4
aastal,4
Eestis,4
Venemaa,4
kui,4
Ülikooli,4
aga,3
ole,3
näiteks,3
nii,3
ka,3
sest,2
kaudu,2
veenda,2
termini,2
Süüria,2
levivad,2
sellele,2
kel,2
enam,2
sõnas,2
valeinfo,2
ajakirjanik,2
selgus,2
ajal,2
töötab,2
uudised,2
kommunikatsiooni,2
Silverman,2
See,2
kohta,2
võib,2
olla,2
millega,2
teabe,2
ingl,2
oskus,2
Näiteks,2
Nõukogude,2
Klaassen,2
Kui,2
peaaegu,2
sõna,2
Euroopa,2
jaoks,2
Ameerika,2
sõja,1
seletust,1
seisukohta,1
seisukoht,1
selgitused,1
seepärast,1
selgitust,1
sõeluda,1
seletas,1
soovita,1
sõel,1
seast,1
sensatsioonilisusele,1
suurt,1
suurendada,1
siis,1
suur,1
sisaldavad,1
sobivaks,1
sotsiaalmeedia,1
sotsiaaldemokraatide,1
soovitatakse,1
soovitab,1
soodustavaid,1
sõda,1
Ajakirjanduse,1
saavutas,1
saaks,1
pole,1
peavoolumeedia,1
peatoimetajaid,1
peamist,1
pealt,1
parem,1
paljususe,1
paljud,1
otsis,1
otseselt,1
organisatsioonide,1
operatsioonidega,1
olulisem,1
nõustu,1
nähtuse,1
noortele,1
noortega,1
noorte,1
noored,1
pooled,1
portaal,1
praegu,1
rahvusvahelise,1
saad,1
ründamiseks,1
rõhumist,1
rääkis,1
riigi,1
relvana,1
reklaamlugude,1
refereerimist,1
rahvuskonservatiivide,1
presidendivalimiste,1
põhjust,1
päevakajaline,1
provokatsioonide,1
protsess,1
propaganda,1
projekti,1
professionaalses,1
pressiteadete,1
rahastatav,1
tegelevate,1
sõnastada,1
sõnul,1
väärarusaamad,1
väljaande,1
välja,1
välissõjaväeluure,1
välismaist,1
väike,1
vähem,1
vormistamise,1
vormis,1
vilistlane,1
viidatakse,1
venekeelsest,1
vastu,1
vastaspoolt,1
vastandumine,1
valeuudiseid,1
valeuudised,1
valeuudis,1
valeinfot,1
valdkonna,1
vajaliku,1
väärikas,1
või,1
võimatu,1
üha,1
ütlema,1
üsna,1
üpris,1
ümber,1
üle,1
üksteist,1
ühiskonnateaduste,1
ühendanud,1
üheksa,1
öeldakse,1
võrdlemisi,1
õpetata,1
äärmiselt,1
ähvardavalt,1
Ümber,1
Ühendriikides,1
Ühendriikide,1
võtnud,1
võtab,1
võrra,1
vaielda,1
vahel,1
vabaühingut,1
neid,1
tipu,1
tihti,1
terminit,1
termin,1
tema,1
tekkinud,1
tekkepõhjuste,1
teistes,1
tegelikult,1
teemadel,1
traktorist,1
teema,1
teadlikult,1
teadlikkust,1
tasu,1
tasandil,1
tarvitada,1
talle,1
tal,1
südameasjaks,1
toodi,1
tunnustatud,1
vabariikides,1
umbusu,1
uuringust,1
uudistega,1
uudismeedias,1
uudiseks,1
uudiseid,1
uudise,1
usaldusväärsuse,1
usaldusväärseks,1
usaldusväärse,1
töötlemine,1
tuvastada,1
tööst,1
tööriistad,1
tööpraktikaid,1
tõsiseltvõetavuse,1
tõlkimise,1
tänu,1
tähtsusega,1
tähtis,1
tähendab,1
news,1
midagi,1
need,1
hakkavad,1
bakalaureuseõppe,1
bakalaureusetöös,1
avastas,1
avaldamist,1
avaldamisele,1
avaldamise,1
asjatundjate,1
asjakohane,1
asemel,1
artikleid,1
arenenum,1
andnud,1
ametlikes,1
allikate,1
allikapesu,1
allikaid,1
aktiivset,1
ajalehtede,1
ajakirjanikeni,1
ajakirjanikele,1
ajakirjanduses,1
desinformatsioon,1
desinformatsioonivõttega,1
disinformation,1
elanike,1
fake,1
eurooplased,1
erukindral,1
erialal,1
eriala,1
endistes,1
end,1
emotsiooni,1
elukutseline,1
eksperdina,1
dokumentides,1
eksperdile,1
eksitav,1
ega,1
eesti,1
eest,1
eesmärk,1
eelistama,1
edastab,1
ebausaldusväärne,1
ajakirjanduse,1
ajakirja,1
agentuuri,1
Kuna,1
Nende,1
Nagu,1
Nad,1
Mihkel,1
Maia,1
Lääne-Euroopas,1
Liit,1
Liidu,1
LUGEMISOSA,1
Klaasseni,1
Poliitikutel,1
Kanada,1
Kaks,1
Juba,1
Holger,1
GRU,1
Foto,1
Et,1
Craig,1
Andres,1
Nii,1
Praegu,1
aega,1
Suurbritannia,1
aastat,1
Villem,1
Tänu,1
Tennus,1
Tegemist,1
Teabe,1
Tamm,1
Ta,1
TEKSTIDAutoristSandra,1
Sputniku,1
Päevalehest,1
Seni,1
Sellele,1
Seega,1
Seda,1
Saar,1
SMARTeD-i,1
Rooda,1
Põhjamaades,1
Päevalehte,1
hakkas,1
halvustada,1
naeruvääristada,1
halvustama,1
lõputöö,1
lõpetanud,1
lõi,1
luureanalüütik,1
loodud,1
loeb,1
lisas,1
lisakaitsena,1
lihtsalt,1
libauudis,1
levitamise,1
levima,1
levikut,1
levida,1
leidub,1
leidsid,1
külma,1
kvaliteetmeedia,1
kuulsuse,1
kursis,1
kuni,1
maailmapildile,1
magistrant,1
meedial,1
misinformation,1
mõtted,1
mõtet,1
mõnes,1
mõjust,1
mõjuks,1
muudetakse,1
mitu,1
mitte,1
mistõttu,1
mingit,1
meediapädevust,1
millised,1
miks,1
Allikapesu,1
mida,1
meie,1
meediaväljaandes,1
meediatarbijad,1
meediast,1
meediasisu,1
kuigi,1
kuidas,1
kriitiliselt,1
justkui,1
kasutamine,1
kasutada,1
kasutab,1
kaotas,1
kaks,1
kahtle,1
jõud,1
jõuavad,1
jutus,1
jm,1
kasutatakse,1
intervjueeris,1
instituudis,1
inimestega,1
inimest,1
inimesed,1
inimene,1
inglis,1
hoiavad,1
hiljem,1
kasutas,1
kasvades,1
koolis,1
kipub,1
kontrollida,1
kommunikatsioonispetsialistina,1
kommenteerida,1
kohaliku,1
kogemus,1
kodanikuorganisatsiooni,1
kodanikuaktiivsusele,1
kirjutanud,1
kiputakse,1
kindlasti,1
kauem,1
kindel,1
kiiresti,1
kiirelt,1
kellegi,1
kelle,1
keeles,1
keeleruum,1
keelatud,1
keda,1
ütles,1
